Workbook

Sheet Data
A1: Product ID | B1: Product Name | C1: Brand Name | D1: Price ($) | E1: Quantity | F1: Category | G1: Price Range | H1: Day | I1: Country code | J1: Month
A2: 28-JAN-US | B2: Laptop | C2: Dell | D2: 1000 | E2: 30 | F2: Electronics | G2: =IF(brand_Data[[#This Row],[Price ($)]]>=500,"High Price","Standard Price") -> High Price | H2: =LEFT(brand_Data[[#This Row],[Product ID]],2) -> 28 | I2: =RIGHT(brand_Data[[#This Row],[Product ID]],2) -> US | J2: =MID(brand_Data[[#This Row],[Product ID]],4,3) -> JAN
A3: 15-FEB-US | B3: Sneakers | C3: Nike | D3: 80 | E3: 15 | F3: Fashion | G3: =IF(brand_Data[[#This Row],[Price ($)]]>=500,"High Price","Standard Price") -> Standard Price | H3: =LEFT(brand_Data[[#This Row],[Product ID]],2) -> 15 | I3: =RIGHT(brand_Data[[#This Row],[Product ID]],2) -> US | J3: =MID(brand_Data[[#This Row],[Product ID]],4,3) -> FEB
A4: 03-MAR-US | B4: Coffee Maker | C4: Keurig | D4: 130 | E4: 40 | F4: Kitchen | G4: =IF(brand_Data[[#This Row],[Price ($)]]>=500,"High Price","Standard Price") -> Standard Price | H4: =LEFT(brand_Data[[#This Row],[Product ID]],2) -> 03 | I4: =RIGHT(brand_Data[[#This Row],[Product ID]],2) -> US | J4: =MID(brand_Data[[#This Row],[Product ID]],4,3) -> MAR
A5: 11-APR-US | B5: Smartphone | C5: Samsung | D5: 900 | E5: 25 | F5: Electronics | G5: =IF(brand_Data[[#This Row],[Price ($)]]>=500,"High Price","Standard Price") -> High Price | H5: =LEFT(brand_Data[[#This Row],[Product ID]],2) -> 11 | I5: =RIGHT(brand_Data[[#This Row],[Product ID]],2) -> US | J5: =MID(brand_Data[[#This Row],[Product ID]],4,3) -> APR
A6: 22-MAY-US | B6: Backpack | C6: North Face | D6: 70 | E6: 20 | F6: Outdoor | G6: =IF(brand_Data[[#This Row],[Price ($)]]>=500,"High Price","Standard Price") -> Standard Price | H6: =LEFT(brand_Data[[#This Row],[Product ID]],2) -> 22 | I6: =RIGHT(brand_Data[[#This Row],[Product ID]],2) -> US | J6: =MID(brand_Data[[#This Row],[Product ID]],4,3) -> MAY
A7: 07-JUN-UK | B7: Headphones | C7: Sony | D7: 200 | E7: 45 | F7: Electronics | G7: =IF(brand_Data[[#This Row],[Price ($)]]>=500,"High Price","Standard Price") -> Standard Price | H7: =LEFT(brand_Data[[#This Row],[Product ID]],2) -> 07 | I7: =RIGHT(brand_Data[[#This Row],[Product ID]],2) -> UK | J7: =MID(brand_Data[[#This Row],[Product ID]],4,3) -> JUN
A8: 19-JUL-UK | B8: T-shirt | C8: Adidas | D8: 30 | E8: 5 | F8: Fashion | G8: =IF(brand_Data[[#This Row],[Price ($)]]>=500,"High Price","Standard Price") -> Standard Price | H8: =LEFT(brand_Data[[#This Row],[Product ID]],2) -> 19 | I8: =RIGHT(brand_Data[[#This Row],[Product ID]],2) -> UK | J8: =MID(brand_Data[[#This Row],[Product ID]],4,3) -> JUL
A9: 23-AUG-UK | B9: Blender | C9: Ninja | D9: 90 | E9: 35 | F9: Kitchen | G9: =IF(brand_Data[[#This Row],[Price ($)]]>=500,"High Price","Standard Price") -> Standard Price | H9: =LEFT(brand_Data[[#This Row],[Product ID]],2) -> 23 | I9: =RIGHT(brand_Data[[#This Row],[Product ID]],2) -> UK | J9: =MID(brand_Data[[#This Row],[Product ID]],4,3) -> AUG
A10: 05-SEP-UK | B10: Tablet | C10: Apple | D10: 500 | E10: 50 | F10: Electronics | G10: =IF(brand_Data[[#This Row],[Price ($)]]>=500,"High Price","Standard Price") -> High Price | H10: =LEFT(brand_Data[[#This Row],[Product ID]],2) -> 05 | I10: =RIGHT(brand_Data[[#This Row],[Product ID]],2) -> UK | J10: =MID(brand_Data[[#This Row],[Product ID]],4,3) -> SEP
A11: 14-OCT-UK | B11: Hiking Boots | C11: Timberland | D11: 130 | E11: 10 | F11: Outdoor | G11: =IF(brand_Data[[#This Row],[Price ($)]]>=500,"High Price","Standard Price") -> Standard Price | H11: =LEFT(brand_Data[[#This Row],[Product ID]],2) -> 14 | I11: =RIGHT(brand_Data[[#This Row],[Product ID]],2) -> UK | J11: =MID(brand_Data[[#This Row],[Product ID]],4,3) -> OCT
A12: 17-JUN-IN | B12: Laptop | C12: HP | D12: 950 | E12: 25 | F12: Electronics | G12: =IF(brand_Data[[#This Row],[Price ($)]]>=500,"High Price","Standard Price") -> High Price | H12: =LEFT(brand_Data[[#This Row],[Product ID]],2) -> 17 | I12: =RIGHT(brand_Data[[#This Row],[Product ID]],2) -> IN | J12: =MID(brand_Data[[#This Row],[Product ID]],4,3) -> JUN
A13: 25-NOV-AU | B13: Sneakers | C13: Adidas | D13: 90 | E13: 40 | F13: Fashion | G13: =IF(brand_Data[[#This Row],[Price ($)]]>=500,"High Price","Standard Price") -> Standard Price | H13: =LEFT(brand_Data[[#This Row],[Product ID]],2) -> 25 | I13: =RIGHT(brand_Data[[#This Row],[Product ID]],2) -> AU | J13: =MID(brand_Data[[#This Row],[Product ID]],4,3) -> NOV
... A35: 09-JUL-FR | B35: Watch | C35: Casio | D35: 100 | E35: 20 | F35: Accessories | G35: =IF(brand_Data[[#This Row],[Price ($)]]>=500,"High Price","Standard Price") -> Standard Price | H35: =LEFT(brand_Data[[#This Row],[Product ID]],2) -> 09 | I35: =RIGHT(brand_Data[[#This Row],[Product ID]],2) -> FR | J35: =MID(brand_Data[[#This Row],[Product ID]],4,3) -> JUL

Sheet Task
A1: Tasks: Basic Data Exploration
A4: 1. Sum, Count, and Average | B4: Answer
A6: ● Calculate the total price of all products in the dataset. | B6: =SUM(brand_Data[Price ($)]) -> 10100
A7: ● Determine how many products exist in the dataset. | B7: =COUNTA(brand_Data[Product Name]) -> 34
A8: ● Calculate the average price of the products. | B8: =AVERAGE(brand_Data[Price ($)]) -> 297.05882
A10: 2. Minimum and Maximum Values | B10: Answer
A12: ● Identify the minimum price among all products. | B12: =MIN(brand_Data[Price ($)]) -> 30
A13: ● Identify the maximum price among all products. | B13: =MAX(brand_Data[Price ($)]) -> 1000
A15: 3. Logical Function – IF | B15: Answer
A17: ● Create a new column named Price Range. | B17: Check Data Sheet
A18: ● Use the IF function to categorize products based on their price: | B18: Check Data Sheet
A19: ○ If Price ≥ $500 → classify as High Price | B19: Check Data Sheet
A20: ○ If Price < $500 → classify as Standard Price | B20: Check Data Sheet
A22: 4. Conditional Functions – SUMIF and COUNTIF | B22: Answer
A24: ● Use the SUMIF function to calculate the total price of products in the Electronics category. | B24: =SUMIF(brand_Data[Category],"Electronics",brand_Data[Price ($)]) -> 8050
A25: ● Use the COUNTIF function to determine the number of products with a price less than $100. | B25: =COUNTIF(brand_Data[Price ($)],"<100") -> 11
A27: 5. Text Formatting – LEFT, RIGHT, MID | B27: Answer
A29: ● Use text functions to extract information from the Product ID column. | B29: Check Data Sheet
A30: ● Create the following new columns: | B30: Check Data Sheet
A31: ○ Create a new column named Day with the first 2 characters of each | B31: Check Data Sheet
A32: 'Product ID' using the LEFT function. | B32: Check Data Sheet
A33: ○ Create a new column named Country Code by extracting the last 2 | B33: Check Data Sheet
A34: characters from the 'Product ID' column using the RIGHT function. | B34: Check Data Sheet
A35: ○ Create a new column named Month by extracting the 4th to 6th | B35: Check Data Sheet
A36: characters from the 'Product ID' column using the MID function. | B36: Check Data Sheet

Sheet Formulas used
A1: BASIC DATA EXPLORATION — EVIDENCE
A2: Calculated outputs and formula references; derived-column values are linked from Data.
A4: Calculated Results
A5: Function | B5: Task | C5: Applied formula | D5: Calculated result
A6: SUM | B6: Total price | C6: Formula: =SUM(brand_Data[Price ($)]) | D6: =Task!B6 -> 10100
A7: COUNTA | B7: Product count | C7: Formula: =COUNTA(brand_Data[Product Name]) | D7: =Task!B7 -> 34
A8: AVERAGE | B8: Average price | C8: Formula: =AVERAGE(brand_Data[Price ($)]) | D8: =Task!B8 -> 297.05882
A9: MIN | B9: Minimum price | C9: Formula: =MIN(brand_Data[Price ($)]) | D9: =Task!B12 -> 30
A10: MAX | B10: Maximum price | C10: Formula: =MAX(brand_Data[Price ($)]) | D10: =Task!B13 -> 1000
A11: IF | B11: Price Range classification (sample row) | C11: Formula: =IF([@[Price ($)]]>=500,"High Price","Standard Price") | D11: =Data!G2 -> High Price
A12: SUMIF | B12: Electronics total price | C12: Formula: =SUMIF(brand_Data[Category],"Electronics",brand_Data[Price ($)]) | D12: =Task!B24 -> 8050
A13: COUNTIF | B13: Products priced below $100 | C13: Formula: =COUNTIF(brand_Data[Price ($)],"<100") | D13: =Task!B25 -> 11
A14: LEFT | B14: Day from Product ID (sample row) | C14: Formula: =LEFT([@[Product ID]],2) | D14: =Data!H2 -> 28
A15: RIGHT | B15: Country Code from Product ID (sample row) | C15: Formula: =RIGHT([@[Product ID]],2) | D15: =Data!I2 -> US
A16: MID | B16: Month from Product ID (sample row) | C16: Formula: =MID([@[Product ID]],4,3) | D16: =Data!J2 -> JAN
A19: Derived Data Columns — all 34 products
A20: Product ID | B20: Price Range | C20: Day | D20: Country Code | E20: Month
A21: =Data!A2 -> 28-JAN-US | B21: =Data!G2 -> High Price | C21: =Data!H2 -> 28 | D21: =Data!I2 -> US | E21: =Data!J2 -> JAN
A22: =Data!A3 -> 15-FEB-US | B22: =Data!G3 -> Standard Price | C22: =Data!H3 -> 15 | D22: =Data!I3 -> US | E22: =Data!J3 -> FEB
A23: =Data!A4 -> 03-MAR-US | B23: =Data!G4 -> Standard Price | C23: =Data!H4 -> 03 | D23: =Data!I4 -> US | E23: =Data!J4 -> MAR
A24: =Data!A5 -> 11-APR-US | B24: =Data!G5 -> High Price | C24: =Data!H5 -> 11 | D24: =Data!I5 -> US | E24: =Data!J5 -> APR
A25: =Data!A6 -> 22-MAY-US | B25: =Data!G6 -> Standard Price | C25: =Data!H6 -> 22 | D25: =Data!I6 -> US | E25: =Data!J6 -> MAY
A26: =Data!A7 -> 07-JUN-UK | B26: =Data!G7 -> Standard Price | C26: =Data!H7 -> 07 | D26: =Data!I7 -> UK | E26: =Data!J7 -> JUN
A27: =Data!A8 -> 19-JUL-UK | B27: =Data!G8 -> Standard Price | C27: =Data!H8 -> 19 | D27: =Data!I8 -> UK | E27: =Data!J8 -> JUL
A28: =Data!A9 -> 23-AUG-UK | B28: =Data!G9 -> Standard Price | C28: =Data!H9 -> 23 | D28: =Data!I9 -> UK | E28: =Data!J9 -> AUG
A29: =Data!A10 -> 05-SEP-UK | B29: =Data!G10 -> High Price | C29: =Data!H10 -> 05 | D29: =Data!I10 -> UK | E29: =Data!J10 -> SEP
A30: =Data!A11 -> 14-OCT-UK | B30: =Data!G11 -> Standard Price | C30: =Data!H11 -> 14 | D30: =Data!I11 -> UK | E30: =Data!J11 -> OCT
A31: =Data!A12 -> 17-JUN-IN | B31: =Data!G12 -> High Price | C31: =Data!H12 -> 17 | D31: =Data!I12 -> IN | E31: =Data!J12 -> JUN
A32: =Data!A13 -> 25-NOV-AU | B32: =Data!G13 -> Standard Price | C32: =Data!H13 -> 25 | D32: =Data!I13 -> AU | E32: =Data!J13 -> NOV
... A54: =Data!A35 -> 09-JUL-FR | B54: =Data!G35 -> Standard Price | C54: =Data!H35 -> 09 | D54: =Data!I35 -> FR | E54: =Data!J35 -> JUL
